{
  "skew_20": {
    "mean": -0.020113042275096617,
    "std": 1.0901302228911485
  },
  "bullish_engulf": {
    "mean": 0.06880119933608181,
    "std": 0.2531191606708895
  },
  "bb_squeeze": {
    "mean": 0.5855062376184612,
    "std": 0.4926410259970767
  },
  "upper_wick": {
    "mean": 0.280083561139489,
    "std": 0.20877763761191295
  },
  "adx_neg": {
    "mean": 0.21072646353559543,
    "std": 0.09971363185935612
  },
  "dist_low_50": {
    "mean": 0.0054988583415413374,
    "std": 0.00483250528947191
  },
  "vol_ratio_20": {
    "mean": 1.0420447955222405,
    "std": 0.6488835620088244
  },
  "spread_close": {
    "mean": 4.40592707608266e-05,
    "std": 6.59932103649447e-05
  },
  "body": {
    "mean": 0.4471069439271483,
    "std": 0.2563743199072168
  },
  "zscore_extreme": {
    "mean": 0.1276168549552926,
    "std": 0.3336671601931261
  },
  "spread_pct": {
    "mean": 0.0013831454025836287,
    "std": 0.0011273220961988707
  },
  "close_sma_10": {
    "mean": 5.76819115353983e-06,
    "std": 0.00179472229291597
  },
  "close_sma_50": {
    "mean": 2.855109534127191e-05,
    "std": 0.004186237117211703
  },
  "williams_r": {
    "mean": -50.18920567894648,
    "std": 29.19061500218793
  },
  "vol_20": {
    "mean": 0.0009453321788901438,
    "std": 0.0005088856681224492
  },
  "macd_hist": {
    "mean": 2.591260159772896e-07,
    "std": 0.0003968115277541079
  },
  "bb_width": {
    "mean": 0.006416803872404115,
    "std": 0.004615814858952861
  },
  "stoch_cross": {
    "mean": 0.0017462088020400608,
    "std": 12.05258123881164
  },
  "lower_wick": {
    "mean": 0.27248814288912804,
    "std": 0.2080641684432009
  },
  "vol_10": {
    "mean": 0.0008954741505250533,
    "std": 0.0005920995429364844
  },
  "rsi_7": {
    "mean": 50.26147569187129,
    "std": 23.19663482175392
  },
  "ret_1": {
    "mean": 1.736667649499749e-06,
    "std": 0.0010717236028224392
  },
  "atr_14": {
    "mean": 0.0015666229950512085,
    "std": 0.0007379107368522954
  },
  "close_sma_100": {
    "mean": 5.3086143712982696e-05,
    "std": 0.0059839447659467615
  },
  "obv_slope": {
    "mean": -0.012405896720020711,
    "std": 4.061691369589543
  },
  "high_20": {
    "mean": 1.135333970792954,
    "std": 0.04340997650642674
  },
  "price_slope": {
    "mean": 5.235454580784775e-06,
    "std": 0.0018615049714953726
  },
  "vol_ratio": {
    "mean": 0.9684459290991291,
    "std": 0.24732990334881366
  },
  "skew_50": {
    "mean": 0.00887056867488249,
    "std": 1.2794811732457503
  },
  "rsi_14_slope": {
    "mean": 0.0037889589145773234,
    "std": 12.593584201816729
  }
}