{
  "total_return": 4358.232240696967,
  "ann_return": 131.3613839989587,
  "ann_vol": 0.2514193022507491,
  "max_dd": 0.0008662918681088902,
  "sharpe": 522.3997631483658,
  "sortino": 114122.3407439432,
  "calmar": 151636.38684740406,
  "trades": 1741,
  "win_rate": 0.3612866168868259,
  "profit_factor": 0.37922397443777917
}